,City,Country,Lat,Lng,Max Temp,Humidity,Cloudiness,Wind Speed,Current Weather
0,Bethel,US,41.3712,-73.414,77.49,65,40,5.75,scattered clouds
1,Atuona,PF,-9.8,-139.0333,77.72,73,74,18.28,broken clouds
2,Ostrovnoy,RU,68.0531,39.5131,45.41,87,43,20.02,scattered clouds
3,Oktyabrskoye,RU,43.0645,44.7417,48.34,93,100,2.24,light intensity drizzle
4,Saldanha,ZA,-33.0117,17.9442,55.45,71,2,22.01,clear sky
5,Yabrud,SY,33.9674,36.6574,60.46,54,0,4.09,clear sky
6,Tasiilaq,GL,65.6145,-37.6368,41.16,54,0,7.09,clear sky
7,Guerrero Negro,MX,27.9769,-114.0611,83.07,45,63,2.24,broken clouds
8,Morwell,AU,-38.2333,146.4,57.34,97,99,6.73,light rain
9,Hermanus,ZA,-34.4187,19.2345,55.9,72,44,8.08,light rain
10,Flinders,AU,-34.5833,150.8552,62.19,78,88,1.99,overcast clouds
11,East London,ZA,-33.0153,27.9116,56.34,82,20,0.0,light rain
12,Hobart,AU,-42.8794,147.3294,54.1,96,90,0.0,overcast clouds
13,Cidreira,BR,-30.1811,-50.2056,66.04,88,100,11.77,light rain
14,Ossora,RU,59.2353,163.0719,44.15,94,100,29.35,moderate rain
15,Auki,SB,-8.7676,160.7034,76.33,88,30,2.21,scattered clouds
16,Bairiki,KI,1.3292,172.9752,80.6,74,20,11.5,few clouds
17,Avarua,CK,-21.2078,-159.775,75.25,73,75,8.05,light rain
18,Mataura,NZ,-46.1927,168.8643,44.47,92,100,6.91,overcast clouds
19,Carnarvon,AU,-24.8667,113.6333,62.67,77,1,16.11,clear sky
20,Harper,LR,4.375,-7.7169,79.18,82,100,7.45,overcast clouds
21,Kodiak,US,57.79,-152.4072,40.51,52,1,9.22,clear sky
22,Ban Chang,TH,12.7254,101.0553,84.47,90,20,6.91,few clouds
23,Punta Arenas,CL,-53.15,-70.9167,42.91,75,75,35.68,light intensity shower rain
24,Cape Town,ZA,-33.9258,18.4232,58.26,54,20,12.66,few clouds
25,Rocha,UY,-34.4833,-54.3333,57.81,52,82,15.28,broken clouds
26,Holt,US,42.6406,-84.5153,74.95,86,75,5.75,mist
27,Ilulissat,GL,69.2167,-51.1,30.22,64,86,5.75,overcast clouds
28,Aksarka,RU,66.5606,67.7975,29.41,76,28,6.51,scattered clouds
29,Ushuaia,AR,-54.8,-68.3,47.86,61,75,11.5,light rain
30,Itarema,BR,-2.9248,-39.9167,85.93,62,1,21.36,clear sky
31,Lagoa,PT,39.05,-27.9833,71.01,91,91,11.83,overcast clouds
32,Husavik,IS,66.0449,-17.3389,44.51,95,95,16.02,overcast clouds
33,Constitucion,CL,-35.3333,-72.4167,59.34,50,0,19.66,clear sky
34,Albany,US,42.6001,-73.9662,67.48,86,100,1.19,overcast clouds
35,Khatanga,RU,71.9667,102.5,17.1,95,91,10.04,overcast clouds
36,Santa Lucia,ES,27.9117,-15.5407,69.76,70,20,27.63,few clouds
37,Acajutla,SV,13.5928,-89.8275,95.34,61,24,6.49,few clouds
38,Yellowknife,CA,62.456,-114.3525,52.41,50,20,11.5,few clouds
39,Luderitz,NA,-26.6481,15.1594,61.77,48,1,27.87,clear sky
40,Saint-Philippe,RE,-21.3585,55.7679,72.99,83,36,15.59,scattered clouds
41,Dikson,RU,73.5069,80.5464,34.48,98,100,23.98,light rain
42,Bredasdorp,ZA,-34.5322,20.0403,51.28,87,43,0.0,scattered clouds
43,New Norfolk,AU,-42.7826,147.0587,53.74,84,67,1.68,broken clouds
44,Makakilo City,US,21.3469,-158.0858,78.28,81,40,5.75,scattered clouds
45,Mar Del Plata,AR,-38.0023,-57.5575,55.99,48,0,18.99,clear sky
46,Ribeira Grande,PT,38.5167,-28.7,75.6,78,20,11.5,few clouds
47,Ust-Kuyga,RU,70.0167,135.6,21.56,95,100,5.23,overcast clouds
48,Jamestown,US,42.097,-79.2353,71.19,85,90,3.0,overcast clouds
49,Bireun,ID,5.203,96.7009,79.0,84,31,2.62,scattered clouds
50,Presidencia Roque Saenz Pena,AR,-26.7852,-60.4388,63.97,48,98,12.62,overcast clouds
51,Bandarbeyla,SO,9.4942,50.8122,79.5,82,63,21.03,broken clouds
52,Shetpe,KZ,44.1667,52.1167,55.83,25,100,14.0,overcast clouds
53,Severo-Kurilsk,RU,50.6789,156.125,47.61,82,72,40.31,broken clouds
54,Oistins,BB,13.0667,-59.5333,89.69,58,20,23.02,few clouds
55,Wasilla,US,61.5814,-149.4394,33.85,94,75,3.44,broken clouds
56,Vostok,RU,46.4856,135.8833,44.55,98,67,5.14,broken clouds
57,Bluff,NZ,-46.6,168.3333,44.8,84,100,22.32,moderate rain
58,Faya,SA,18.3851,42.4509,66.72,54,98,5.41,overcast clouds
59,Zalantun,CN,48.0,122.7167,37.4,86,64,5.48,broken clouds
60,Verkhnevilyuysk,RU,63.4453,120.3167,27.32,81,49,3.38,scattered clouds
61,Rikitea,PF,-23.1203,-134.9692,73.38,64,20,17.83,few clouds
62,Port Alfred,ZA,-33.5906,26.891,57.11,71,40,8.46,light rain
63,Nizwa,OM,22.9333,57.5333,78.42,77,100,18.63,overcast clouds
64,La Ronge,CA,55.1001,-105.2842,61.02,41,75,5.75,broken clouds
65,Nosivka,UA,50.9315,31.5828,47.77,59,0,6.85,clear sky
66,Burnie,AU,-41.0667,145.9167,53.92,97,73,3.33,light rain
67,Seoni,IN,22.0833,79.5333,73.31,90,86,3.0,overcast clouds
68,Te Anau,NZ,-45.4167,167.7167,45.5,98,100,4.14,overcast clouds
69,Nanortalik,GL,60.1432,-45.2371,40.91,71,0,3.33,clear sky
70,Price,US,39.5994,-110.8107,70.12,32,1,4.61,clear sky
71,Kavieng,PG,-2.5744,150.7967,80.92,74,28,4.79,scattered clouds
72,Saint-Pierre,RE,-21.3393,55.4781,73.08,70,40,2.3,scattered clouds
73,Mehamn,NO,71.0357,27.8492,51.75,62,20,20.71,few clouds
74,Geraldton,AU,-28.7667,114.6,46.81,93,0,0.0,clear sky
75,Qaanaaq,GL,77.484,-69.3632,31.84,97,100,8.23,light snow
76,Khuzhir,RU,53.1939,107.3397,40.98,69,100,8.23,overcast clouds
77,Tuktoyaktuk,CA,69.4541,-133.0374,33.8,100,90,17.27,light intensity drizzle
78,Zemio,CF,5.0314,25.1361,71.47,88,74,3.47,light rain
79,Butaritari,KI,3.0707,172.7902,82.8,64,98,16.82,overcast clouds
80,Opotiki,NZ,-38.0833,177.2833,60.39,99,100,11.81,overcast clouds
81,Sorland,NO,67.667,12.6934,53.67,83,100,24.54,light rain
82,Lalitpur,NP,27.6667,85.3333,68.38,94,75,3.44,broken clouds
83,Iqaluit,CA,63.7506,-68.5145,44.33,61,75,5.01,broken clouds
84,Suzun,RU,53.7841,82.3116,35.17,91,100,1.68,overcast clouds
85,Lethem,GY,3.3803,-59.7968,90.0,53,56,5.79,broken clouds
86,Istisu,AZ,40.9457,48.0738,52.47,87,85,0.98,overcast clouds
87,Kapaa,US,22.0752,-159.319,80.58,85,90,1.01,heavy intensity rain
88,Castro,BR,-24.7911,-50.0119,65.73,93,100,6.67,light rain
89,Hilo,US,19.7297,-155.09,73.4,85,90,4.61,light rain
90,Vaini,TO,-21.2,-175.2,73.56,88,90,9.22,overcast clouds
91,Antofagasta,CL,-23.65,-70.4,60.08,67,26,12.86,scattered clouds
92,Garowe,SO,8.4054,48.4845,83.62,52,95,15.52,overcast clouds
93,Hay River,CA,60.8156,-115.7999,49.98,43,40,10.36,scattered clouds
94,Ciudad Bolivar,VE,8.1222,-63.5497,86.92,56,99,8.66,overcast clouds
95,Cap Malheureux,MU,-19.9842,57.6142,72.46,74,11,10.0,few clouds
96,Olafsvik,IS,64.8945,-23.7142,42.03,90,100,32.93,overcast clouds
97,Aquiraz,BR,-3.9014,-38.3911,88.21,57,22,15.55,few clouds
98,Torbay,CA,47.6666,-52.7314,61.29,80,75,2.3,broken clouds
99,Arraial Do Cabo,BR,-22.9661,-42.0278,85.96,69,20,23.02,few clouds
100,Preobrazheniye,RU,42.9019,133.9064,63.72,94,100,8.7,moderate rain
101,Kuryk,KZ,43.2,51.65,61.27,28,82,19.93,broken clouds
102,Nouakchott,MR,18.0858,-15.9785,85.93,70,41,14.05,scattered clouds
103,Jiayuguan,CN,39.8167,98.3,45.28,32,98,7.74,overcast clouds
104,Tuni,IN,17.35,82.55,79.3,81,12,2.55,few clouds
105,Airai,TL,-8.9266,125.4092,59.29,76,27,1.19,scattered clouds
106,Maryborough,AU,-25.5333,152.7,65.89,98,21,4.5,few clouds
107,Beloha,MG,-25.1667,45.05,72.68,80,9,4.63,clear sky
108,Narsaq,GL,60.9167,-46.05,44.82,51,1,5.82,clear sky
109,Champerico,GT,14.3,-91.9167,91.94,74,24,6.69,few clouds
110,Payo,ID,-3.7508,103.6372,73.02,95,86,1.63,light rain
111,Chokurdakh,RU,70.6333,147.9167,20.46,96,100,8.97,overcast clouds
112,Bhongir,IN,17.5108,78.8889,77.18,74,77,2.17,broken clouds
113,Alice Springs,AU,-23.7,133.8833,54.95,47,0,0.0,clear sky
114,Busselton,AU,-33.65,115.3333,42.08,59,91,5.37,overcast clouds
115,Posadas,AR,-27.3671,-55.8961,71.58,88,90,9.22,thunderstorm with drizzle
116,Clyde River,CA,70.4692,-68.5914,39.43,87,90,2.3,overcast clouds
117,Banda Aceh,ID,5.5577,95.3222,79.95,82,70,7.02,broken clouds
118,Lebu,CL,-37.6167,-73.65,53.02,68,22,22.35,few clouds
119,Nikolskoye,RU,59.7035,30.7861,50.4,81,2,7.74,clear sky
120,Anadyr,RU,64.75,177.4833,37.9,86,40,8.01,scattered clouds
121,Esperance,AU,-33.8667,121.9,42.64,69,12,8.12,few clouds
122,Piritiba,BR,-11.7303,-40.5553,86.85,37,69,6.67,broken clouds
123,Yambio,SS,4.5721,28.3955,68.05,87,72,4.29,broken clouds
124,Yumen,CN,40.2833,97.2,43.9,35,98,11.34,overcast clouds
125,Druzhba,UA,52.0428,33.9453,46.69,76,36,7.43,scattered clouds
126,Kawalu,ID,-7.3817,108.2082,70.3,94,90,1.36,overcast clouds
127,Smiltene,LV,57.4244,25.9016,52.81,69,80,11.99,broken clouds
128,San Andres,CO,12.5847,-81.7006,87.82,70,40,9.22,scattered clouds
129,Andros Town,BS,24.7,-77.7667,87.76,63,17,16.11,few clouds
130,Hithadhoo,MV,-0.6,73.0833,83.53,75,80,16.04,broken clouds
131,Barrow,US,71.2906,-156.7887,30.22,80,90,8.05,overcast clouds
132,Poum,NC,-20.2333,164.0167,74.62,85,41,14.67,scattered clouds
133,Padang,ID,-0.9492,100.3543,77.74,87,98,2.68,overcast clouds
134,Port Elizabeth,ZA,-33.918,25.5701,57.09,76,20,6.91,few clouds
135,Yulara,AU,-25.2406,130.9889,55.24,38,0,6.91,clear sky
136,Tarauaca,BR,-8.1614,-70.7656,94.12,41,28,4.21,scattered clouds
137,Sao Joao Da Barra,BR,-21.6403,-41.0511,84.29,76,42,20.38,scattered clouds
138,Bengkulu,ID,-3.8004,102.2655,75.63,91,88,4.92,overcast clouds
139,Saskylakh,RU,71.9167,114.0833,16.02,93,65,10.31,broken clouds
140,Puerto Ayora,EC,-0.7393,-90.3518,76.96,76,50,11.7,scattered clouds
141,Yola,NG,9.2,12.4833,84.76,52,7,2.08,clear sky
142,Visim,RU,57.6488,59.5014,27.27,92,87,3.49,overcast clouds
143,Kargat,RU,55.1956,80.2811,33.64,99,100,3.02,overcast clouds
144,Leh,IN,34.1667,77.5833,52.75,34,22,6.13,few clouds
145,Minjur,IN,13.2667,80.2667,82.42,78,4,6.44,clear sky
146,Tiksi,RU,71.6872,128.8694,24.31,92,74,10.6,broken clouds
147,Sokoni,TZ,-6.4333,39.55,77.59,72,32,13.13,scattered clouds
148,Sisimiut,GL,66.9395,-53.6735,37.8,68,84,4.07,broken clouds
149,Tautira,PF,-17.7333,-149.15,80.62,78,23,7.25,light rain
150,Llata,PE,-9.4167,-76.7833,65.46,58,74,9.86,broken clouds
151,Comodoro Rivadavia,AR,-45.8667,-67.5,64.26,24,40,23.02,scattered clouds
152,Cherskiy,RU,68.75,161.3,17.49,97,99,3.31,light snow
153,Pisco,PE,-13.7,-76.2167,68.05,64,40,17.27,scattered clouds
154,Prince Rupert,CA,54.3161,-130.3201,47.89,77,75,8.05,light rain
155,Kaitangata,NZ,-46.2817,169.8464,49.93,82,100,13.33,overcast clouds
156,Hambantota,LK,6.1241,81.1185,80.49,82,22,13.69,few clouds
157,Dwarka,IN,22.2394,68.9678,82.53,84,12,8.77,few clouds
158,Hasaki,JP,35.7333,140.8333,64.29,80,0,8.46,clear sky
159,Matara,LK,5.9485,80.5353,78.49,88,26,7.65,scattered clouds
160,Lompoc,US,34.6391,-120.4579,96.1,50,1,4.61,clear sky
161,Ceyhan,TR,37.0247,35.8175,80.44,50,0,2.51,clear sky
162,Skibbereen,IE,51.55,-9.2667,51.6,81,67,14.92,broken clouds
163,Deputatskiy,RU,69.3,139.9,17.35,95,92,3.74,light snow
164,Northam,GB,51.0333,-4.2167,57.15,80,35,17.02,scattered clouds
165,Jutai,BR,-5.1833,-68.9,89.42,56,82,0.4,broken clouds
166,Barcelos,PT,41.5388,-8.6151,62.85,69,18,6.46,few clouds
167,Ponta Delgada,PT,37.7333,-25.6667,75.51,94,75,5.75,broken clouds
168,Balotra,IN,25.8333,72.2333,85.75,54,8,11.79,clear sky
169,Kamaishi,JP,39.2667,141.8833,63.03,90,19,10.38,few clouds
170,Tiznit,MA,29.5833,-9.5,65.7,67,17,6.26,few clouds
171,Karratha,AU,-20.7377,116.8463,70.63,66,0,11.12,clear sky
172,Lazaro Cardenas,MX,17.9583,-102.2,85.82,62,59,3.71,broken clouds
173,Hukuntsi,BW,-24.0,21.75,63.32,16,0,9.4,clear sky
174,Jaynagar,IN,26.5833,86.15,74.21,94,99,5.86,overcast clouds
175,Talnakh,RU,69.4865,88.3972,15.13,96,78,1.21,broken clouds
176,Calama,CL,-22.4667,-68.9333,73.89,5,0,25.32,clear sky
177,Viedma,AR,-40.8135,-62.9967,61.39,28,1,16.2,clear sky
178,Maceio,BR,-9.6658,-35.7353,85.44,65,75,14.97,broken clouds
179,Santa Fe,AR,-31.6333,-60.7,66.0,26,88,8.01,overcast clouds
180,Quatre Cocos,MU,-20.2078,57.7625,72.09,78,24,16.53,few clouds
181,Gazanjyk,TM,39.2446,55.5154,61.88,18,0,19.57,clear sky
182,Chuy,UY,-33.6971,-53.4616,62.96,53,89,11.54,overcast clouds
183,Egvekinot,RU,66.3167,-179.1667,24.96,97,100,2.86,light snow
184,Kachiry,KZ,53.0675,76.1036,36.75,70,100,5.59,overcast clouds
185,Plotnikovo,RU,55.0247,85.9436,30.54,99,100,6.53,overcast clouds
186,Akdepe,TM,42.0551,59.3788,46.49,51,1,11.03,clear sky
187,Bambous Virieux,MU,-20.3428,57.7575,72.21,88,75,13.8,broken clouds
188,Trairi,BR,-3.2778,-39.2689,85.75,61,7,16.78,clear sky
189,Adjumani,UG,3.3779,31.7909,69.37,85,57,1.1,broken clouds
190,Desbiens,CA,48.4178,-71.9495,54.07,59,27,6.02,scattered clouds
191,Sao Felix Do Xingu,BR,-6.6447,-51.995,93.18,38,97,6.35,overcast clouds
192,Port Blair,IN,11.6667,92.75,79.99,83,55,6.44,broken clouds
193,Nobeoka,JP,32.5833,131.6667,65.77,85,0,2.62,clear sky
194,Liling,CN,27.6667,113.5,84.02,67,3,2.42,clear sky
195,Saint George,US,37.1041,-113.5841,86.47,22,1,3.0,clear sky
196,Ohara,JP,35.25,140.3833,69.94,81,2,5.35,clear sky
197,Cremlingen,DE,52.25,10.65,71.28,57,0,7.0,clear sky
198,Ust-Nera,RU,64.5667,143.2,22.91,92,29,3.22,scattered clouds
199,Sibolga,ID,1.7427,98.7792,77.45,79,94,2.28,overcast clouds
200,Korla,CN,41.7597,86.1469,51.89,32,16,4.41,few clouds
201,Porgera,PG,-5.4667,143.2,41.38,98,87,2.3,overcast clouds
202,Maturin,VE,9.75,-63.1767,82.38,79,53,8.86,broken clouds
203,Port Shepstone,ZA,-30.7414,30.455,61.41,62,100,5.66,overcast clouds
204,Sisophon,KH,13.5859,102.9737,77.29,90,99,3.27,overcast clouds
205,Nanchang,CN,28.6833,115.8833,78.82,54,0,4.5,light rain
206,Henties Bay,NA,-22.116,14.2845,54.86,88,3,5.1,clear sky
207,Gorakhpur,IN,29.45,75.6833,86.92,49,51,6.44,broken clouds
208,Pimentel,PE,-6.8367,-79.9342,71.89,60,0,20.71,clear sky
209,Mareeba,AU,-17.0,145.4333,69.44,93,73,3.06,broken clouds
210,Srednekolymsk,RU,67.45,153.6833,24.17,92,99,3.49,overcast clouds
211,Nome,US,64.5011,-165.4064,21.27,86,1,0.0,clear sky
212,Marapanim,BR,-0.7175,-47.6997,89.4,51,64,9.84,broken clouds
213,Katsuura,JP,35.1333,140.3,70.11,80,2,6.15,clear sky
214,Ponta Do Sol,PT,32.6667,-17.1,79.0,74,54,3.18,broken clouds
215,Liwale,TZ,-9.7667,37.9333,73.51,57,60,8.52,broken clouds
216,Alofi,NU,-19.0595,-169.9187,75.09,88,93,13.8,light rain
217,Goulburn,AU,-34.75,149.7167,49.15,76,72,3.89,broken clouds
218,Provideniya,RU,64.3833,-173.3,25.48,78,85,2.53,overcast clouds
219,Port Washington,US,40.8257,-73.6982,80.91,51,75,1.99,broken clouds
220,Bilma,NE,18.6853,12.9164,90.54,16,5,7.47,clear sky
221,Severnyy,RU,50.677,36.5532,46.44,76,5,6.71,clear sky
222,Evensk,RU,61.95,159.2333,40.5,61,100,20.02,overcast clouds
223,Tazovskiy,RU,67.4667,78.7,33.33,74,96,7.56,overcast clouds
224,Nemuro,JP,43.3236,145.575,61.0,85,35,31.0,light rain
225,Yerbogachen,RU,61.2767,108.0108,33.04,86,100,4.63,overcast clouds
226,Witu,KE,-2.3889,40.4382,77.16,82,56,9.48,broken clouds
227,Kruisfontein,ZA,-34.0033,24.7314,54.88,66,49,8.14,scattered clouds
228,Huaraz,PE,-9.5333,-77.5333,64.36,54,86,3.91,light rain
229,Song Phi Nong,TH,14.2241,100.0209,82.9,91,100,3.94,light rain
230,Japura,ID,-0.3167,102.35,74.79,91,100,1.16,overcast clouds
231,Nantucket,US,41.2835,-70.0995,74.25,75,40,14.97,scattered clouds
232,Atikokan,CA,48.7555,-91.6216,59.59,82,99,3.42,overcast clouds
233,Pangody,RU,65.85,74.4859,31.6,76,94,7.65,overcast clouds
234,Arroyo,ES,41.6096,-4.7969,57.07,56,20,9.22,few clouds
235,Morrope,PE,-6.5417,-80.0111,71.71,55,63,16.4,broken clouds
236,Mirnyy,RU,62.5353,113.9611,27.95,91,90,4.27,overcast clouds
237,Marau,BR,-28.4492,-52.2,64.33,99,100,2.93,overcast clouds
238,Decatur,US,39.8403,-88.9548,75.06,83,90,11.5,overcast clouds
239,Brae,GB,60.3964,-1.353,49.91,88,83,32.88,broken clouds
240,Mount Gambier,AU,-37.8333,140.7667,49.91,93,75,11.5,broken clouds
241,Newton,US,42.337,-71.2092,72.16,79,90,1.01,overcast clouds
242,Whitianga,NZ,-36.8333,175.7,60.03,98,100,11.23,light rain
243,Kathu,TH,7.9178,98.3332,86.7,89,87,9.37,overcast clouds
244,Haines Junction,CA,60.7522,-137.5108,33.75,100,100,3.44,light rain
245,Kadaya,RU,50.9327,119.2911,33.44,64,86,2.64,overcast clouds
246,Palmer,US,42.1584,-72.3287,74.68,68,90,1.01,light rain
247,Nizhniy Mamon,RU,50.1937,40.5083,48.72,69,46,6.96,scattered clouds
248,Port Lincoln,AU,-34.7333,135.8667,52.5,66,11,24.61,few clouds
249,Novikovo,RU,51.1537,37.8879,48.58,71,17,6.69,few clouds
250,Port-Gentil,GA,-0.7193,8.7815,78.76,83,75,11.5,broken clouds
251,Buraydah,SA,26.326,43.975,90.05,12,7,9.13,clear sky
252,Ghanzi,BW,-21.5667,21.7833,69.21,10,0,9.62,clear sky
253,Vila,PT,42.0304,-8.1588,52.93,74,53,5.14,broken clouds
254,Soeng Sang,TH,14.4264,102.4606,73.67,91,96,2.59,overcast clouds
255,Villagarzon,CO,1.0375,-76.6267,89.58,52,42,4.27,scattered clouds
256,Taywarah,AF,33.35,64.4167,48.06,30,0,6.02,clear sky
257,Nargana,PA,9.4428,-78.5906,82.4,80,66,9.1,broken clouds
258,Port Hawkesbury,CA,45.6169,-61.3485,60.87,69,40,8.99,scattered clouds
259,Faanui,PF,-16.4833,-151.75,78.78,71,22,10.83,few clouds
260,Bolkhov,RU,53.4433,36.0044,45.75,81,84,6.46,broken clouds
261,Port Hueneme,US,34.1478,-119.1951,97.45,46,1,4.61,clear sky
262,Talkha,EG,31.0539,31.3779,69.13,72,0,6.67,clear sky
263,San Policarpo,PH,12.1791,125.5072,80.8,86,100,12.84,heavy intensity rain
264,Mumbwa,ZM,-14.9783,27.0619,71.4,66,98,6.2,overcast clouds
265,Mpulungu,ZM,-8.7623,31.1141,77.36,67,64,1.63,broken clouds
266,Ndioum,SN,16.5129,-14.6471,100.35,25,41,6.67,scattered clouds
267,Shibetsu,JP,43.659,145.132,60.58,81,79,22.64,broken clouds
268,Killybegs,IE,54.6333,-8.45,50.45,76,78,16.17,broken clouds
269,Miyang,CN,24.4042,103.4428,62.29,99,12,2.71,few clouds
270,North Bend,US,43.4065,-124.2243,65.16,72,20,4.61,haze
271,Ahipara,NZ,-35.1667,173.1667,61.18,97,100,11.34,overcast clouds
272,Thompson,CA,55.7435,-97.8558,60.96,63,75,2.3,broken clouds
273,Fare,PF,-16.7,-151.0167,78.06,73,30,9.73,scattered clouds
274,Coihaique,CL,-45.5752,-72.0662,53.55,54,75,5.75,light intensity shower rain
275,Ola,RU,59.5833,151.2833,37.8,70,100,13.13,overcast clouds
276,Puerto Narino,CO,-3.7703,-70.3831,84.15,40,36,2.82,scattered clouds
277,Victoria,HK,22.2855,114.1577,85.32,78,60,1.99,light rain
278,Tura,IN,25.5198,90.2201,71.89,98,41,4.03,scattered clouds
279,Gweru,ZW,-19.45,29.8167,67.23,60,98,4.72,light rain
280,Belmonte,BR,-15.8631,-38.8828,82.9,69,20,13.0,few clouds
281,Zhigansk,RU,66.7697,123.3711,25.83,85,39,6.2,scattered clouds
282,Praia,CV,14.9215,-23.5087,86.54,62,20,13.8,few clouds
283,Santa Luzia,BR,-19.7697,-43.8514,93.34,36,40,5.75,scattered clouds
284,Mandalgovi,MN,45.7625,106.2708,34.86,55,49,3.2,scattered clouds
285,Riberalta,BO,-10.9833,-66.1,97.0,41,40,9.22,scattered clouds
286,Fortuna,US,40.5982,-124.1573,61.72,82,1,9.22,clear sky
287,Hamilton,US,39.1834,-84.5333,72.25,84,90,8.05,light rain
288,Vardo,NO,70.3705,31.1107,50.2,76,0,21.85,clear sky
289,Mecca,SA,21.4267,39.8261,87.64,41,100,5.84,overcast clouds
290,Georgetown,MY,5.4112,100.3354,81.9,86,20,4.61,few clouds
291,Wamba,NG,8.9333,8.6,76.91,82,60,1.57,broken clouds
292,Nago,JP,26.5881,127.9761,81.03,66,0,17.31,clear sky
293,Kichera,RU,55.9375,110.0997,34.41,77,100,4.03,overcast clouds
294,Bonavista,CA,48.6499,-53.1147,59.0,87,80,10.87,broken clouds
295,Virtsu,EE,58.5716,23.5115,57.18,74,99,23.24,overcast clouds
296,Galeras,CO,9.161,-75.0481,86.31,70,96,5.53,overcast clouds
297,Nouadhibou,MR,20.931,-17.0347,73.38,78,3,17.27,clear sky
298,Laukaa,RU,58.7372,29.8453,45.66,85,10,8.03,clear sky
299,Aklavik,CA,68.2191,-135.0107,34.52,93,90,12.66,overcast clouds
300,Kalanguy,RU,51.0167,116.5167,33.55,65,99,1.59,overcast clouds
301,Upata,VE,8.0086,-62.3989,84.2,59,98,5.59,overcast clouds
302,Pak Phanang,TH,8.3511,100.202,82.08,81,69,4.7,light rain
303,Mitsamiouli,KM,-11.3847,43.2844,79.09,69,20,18.41,few clouds
304,Inhambane,MZ,-23.865,35.3833,75.18,94,40,0.0,scattered clouds
305,Carauari,BR,-4.8828,-66.8958,93.81,45,56,2.73,broken clouds
306,Roma,US,43.2128,-75.4557,64.67,92,90,9.22,overcast clouds
307,Bol,TD,13.4586,14.7147,84.0,58,41,9.82,scattered clouds
308,Tamandare,BR,-8.7597,-35.1047,81.27,67,40,11.1,scattered clouds
309,Altamont,US,42.2068,-121.7372,69.78,41,1,1.01,clear sky
310,Yar-Sale,RU,66.8333,70.8333,29.98,76,86,6.02,overcast clouds
311,Waddan,LY,29.1614,16.139,82.11,30,0,6.91,clear sky
312,Gat,IL,31.61,34.7642,77.68,70,27,7.31,scattered clouds
313,Waipawa,NZ,-41.4122,175.5153,51.46,85,100,3.69,overcast clouds
314,Necochea,AR,-38.5473,-58.7368,54.03,58,6,22.59,clear sky
315,Vao,NC,-22.6667,167.4833,71.91,89,1,3.18,clear sky
316,Camacha,PT,33.0833,-16.3333,75.52,83,40,11.5,scattered clouds
317,Palau,PW,7.503,134.621,81.79,76,100,4.79,overcast clouds
318,Sidvokodvo,SZ,-26.6282,31.4202,58.44,82,100,3.13,overcast clouds
319,Garden City,US,42.3256,-83.331,76.87,82,75,10.36,broken clouds
320,Klaksvik,FO,62.2266,-6.589,47.32,89,100,31.36,overcast clouds
321,Posse,BR,-14.0931,-46.3694,97.83,16,41,3.98,scattered clouds
322,Orlik,RU,52.5178,99.825,18.52,83,56,2.73,broken clouds
323,Upernavik,GL,72.7868,-56.1549,30.67,92,100,4.94,light snow
324,Brenham,US,30.1669,-96.3977,90.16,60,40,5.75,scattered clouds
325,Luba,GQ,3.4568,8.5547,78.69,84,56,6.76,light rain
326,Thunder Bay,CA,48.4001,-89.3168,60.3,93,90,2.3,overcast clouds
327,Tigil,RU,57.8,158.6667,41.99,92,100,19.51,light rain
328,Sola,VU,-13.8833,167.55,79.59,76,54,6.82,broken clouds
329,Thinadhoo,MV,0.5333,72.9333,83.7,75,23,15.75,few clouds
330,Naryan-Mar,RU,67.6713,53.087,35.98,94,45,10.56,scattered clouds
331,Sao Filipe,CV,14.8961,-24.4956,80.02,77,63,7.0,broken clouds
332,Mae Sai,TH,20.4335,99.8762,76.32,98,57,1.48,broken clouds
333,Ballina,AU,-28.8667,153.5667,58.78,94,18,0.0,few clouds
334,Tyukhtet,RU,56.5389,89.3011,32.9,97,97,4.72,overcast clouds
335,Jiazi,CN,22.8779,116.067,78.64,80,13,14.38,few clouds
336,Klyuchi,RU,52.2667,79.1667,38.39,53,100,5.32,overcast clouds
337,Tuatapere,NZ,-46.1333,167.6833,44.82,94,100,3.71,light rain
338,Ndele,CF,8.4109,20.6473,71.85,90,56,1.43,light rain
339,Xiongzhou,CN,25.1167,114.3,76.33,82,14,2.62,few clouds
340,Isangel,VU,-19.55,169.2667,75.31,88,16,3.44,few clouds
341,Havre-Saint-Pierre,CA,50.2334,-63.5986,55.76,58,90,3.44,overcast clouds
342,Colinas,BR,-6.0258,-44.2492,93.83,36,83,4.41,broken clouds
343,Torbat-E Jam,IR,35.244,60.6225,53.58,30,0,11.63,clear sky
344,San Miguel,SV,13.4833,-88.1833,92.86,58,20,2.3,few clouds
345,Shimoda,JP,34.6667,138.95,67.1,80,28,1.99,scattered clouds
346,Khor,RU,47.8861,134.9464,42.28,92,100,5.44,overcast clouds
347,Baiut,RO,47.6167,24.0,48.79,55,4,3.02,clear sky
348,Rampura,IN,30.25,75.2333,84.58,60,42,4.14,scattered clouds
349,Pangoa,PE,-12.1167,-73.0,87.46,49,75,3.04,broken clouds
350,Tashara,RU,55.5195,83.5094,36.12,97,100,6.8,overcast clouds
351,Kargala,RU,56.6208,83.9607,34.95,98,100,5.66,overcast clouds
352,Vrangel,RU,42.7297,133.0839,64.38,91,100,6.29,light rain
353,Galveston,US,29.3669,-94.9669,90.18,75,20,1.99,few clouds
354,Longyearbyen,SJ,78.2186,15.6401,37.24,93,75,4.61,light rain
355,Midyat,TR,37.4247,41.3393,70.88,33,0,9.01,clear sky
356,Sept-Iles,CA,50.2001,-66.3821,54.12,62,20,3.44,few clouds
357,Igbo Ora,NG,7.4333,3.2833,76.64,87,89,5.19,heavy intensity rain
358,Vestmanna,FO,62.1564,-7.1664,45.52,100,90,46.04,overcast clouds
359,Buala,SB,-8.145,159.5921,78.76,84,42,2.66,scattered clouds
360,Yumbel,CL,-37.0833,-72.5667,61.03,39,2,13.47,clear sky
361,Dunedin,NZ,-45.8742,170.5036,47.39,93,100,11.88,overcast clouds
362,Xinpu,CN,34.5997,119.1594,73.96,71,91,8.75,overcast clouds
363,Sembe,CG,1.6481,14.5806,71.87,96,100,1.05,overcast clouds
364,Somotillo,NI,13.0433,-86.9064,93.34,55,10,2.01,clear sky
365,Podporozhye,RU,60.9112,34.1706,43.14,90,4,4.9,clear sky
366,Cabo San Lucas,MX,22.8909,-109.9124,92.52,62,20,6.91,few clouds
367,Bahia Blanca,AR,-38.7196,-62.2724,64.13,24,8,11.77,clear sky
368,Avera,US,33.194,-82.5271,85.71,42,66,2.42,broken clouds
369,Camana,PE,-16.6228,-72.7111,64.6,74,85,10.16,overcast clouds
370,Dong Hoi,VN,17.4833,106.6,79.7,81,58,5.73,broken clouds
371,Greensburg,US,40.3015,-79.5389,74.7,79,75,5.99,light rain
372,Iguguno,TZ,-4.5697,34.6275,81.79,27,98,4.56,overcast clouds
373,Baoshan,CN,46.5586,131.4244,41.72,93,98,4.81,overcast clouds
374,Bismarck,US,46.8083,-100.7837,81.88,31,1,7.0,clear sky
375,Changji,CN,44.0167,87.3167,43.59,70,0,2.24,clear sky
376,Lagoa Da Canoa,BR,-9.8297,-36.7378,86.02,42,4,17.87,clear sky
377,Pistoia,IT,43.9667,10.8333,67.1,84,80,3.0,broken clouds
378,Ulladulla,AU,-35.35,150.4667,59.09,91,61,4.63,broken clouds
379,Omboue,GA,-1.5746,9.2618,77.07,84,97,8.99,overcast clouds
380,Huron,US,41.1501,-82.5499,74.88,91,100,13.51,overcast clouds
381,Peniche,PT,39.3558,-9.3811,65.68,74,29,14.47,scattered clouds
382,Great Yarmouth,GB,52.6083,1.7305,56.23,71,18,17.94,few clouds
383,Komsomolskiy,UZ,40.4272,71.7189,57.92,77,75,2.3,broken clouds
384,Kandete,TZ,-9.15,33.8,65.84,56,67,0.98,broken clouds
385,Namibe,AO,-15.1961,12.1522,62.82,81,4,4.83,clear sky
386,Bosaso,SO,11.2842,49.1816,88.48,64,80,1.61,broken clouds
387,Huarmey,PE,-10.0681,-78.1522,68.5,73,78,11.92,broken clouds
388,Norman Wells,CA,65.282,-126.8329,35.64,93,90,19.57,mist
389,Kailua,US,21.4022,-157.7394,80.74,71,90,10.36,light rain
390,Mashpee,US,41.6484,-70.4811,76.15,64,1,0.0,clear sky
391,Peleduy,RU,59.6289,112.7406,30.13,90,100,3.15,overcast clouds
392,Elat,IL,29.5581,34.9482,82.24,44,0,13.8,clear sky
393,Gombong,ID,-7.6072,109.5142,77.11,84,81,3.33,broken clouds
394,Paravola,GR,38.6167,21.5167,67.12,49,92,3.18,overcast clouds
395,Grand Gaube,MU,-20.0064,57.6608,72.37,74,11,10.0,few clouds
396,Kwinana,AU,-32.25,115.7667,49.17,75,60,5.55,broken clouds
397,Sheksna,RU,59.21,38.5107,40.96,85,100,4.21,overcast clouds
398,Corinto,GR,37.9407,22.9573,70.9,54,62,4.72,broken clouds
399,New Glasgow,CA,45.5834,-62.6486,61.92,65,36,8.05,scattered clouds
400,Tongchuan,CN,35.0806,109.0897,63.16,95,99,1.48,overcast clouds
401,Meulaboh,ID,4.1363,96.1285,75.36,85,3,4.07,clear sky
402,Hualmay,PE,-11.0964,-77.6139,67.03,71,59,12.39,broken clouds
403,Malaya Vishera,RU,58.8454,32.2222,43.61,87,8,6.02,clear sky
404,Jalu,LY,29.0331,21.5482,76.77,39,0,8.32,clear sky
405,Priupskiy,RU,53.9096,37.736,42.62,71,56,6.35,light rain
406,Paita,PE,-5.0892,-81.1144,73.96,68,26,15.41,scattered clouds
407,Brive-La-Gaillarde,FR,45.25,1.5,55.27,60,100,2.13,overcast clouds
408,Sabaudia,IT,41.3003,13.0282,72.75,82,8,9.51,clear sky
409,Warrington,GB,53.3925,-2.5802,55.51,82,40,1.01,scattered clouds
410,Beringovskiy,RU,63.05,179.3167,38.3,99,100,3.2,overcast clouds
411,Sitka,US,57.0531,-135.33,42.69,81,75,5.75,moderate rain
412,Hirara,JP,24.8,125.2833,82.76,71,3,21.45,clear sky
413,Margate,GB,51.3813,1.3862,56.91,76,7,5.01,clear sky
414,Leningradskiy,RU,69.3833,178.4167,15.46,84,76,5.03,broken clouds
415,Acara,BR,-1.9608,-48.1967,88.27,51,100,1.61,overcast clouds
416,Codrington,AU,-38.2667,141.9667,49.23,91,58,13.29,broken clouds
417,Portland,US,45.5234,-122.6762,66.7,69,75,1.01,broken clouds
418,Yumbing,PH,9.2393,124.6578,76.12,94,100,6.04,moderate rain
419,Kenai,US,60.5544,-151.2583,40.14,91,75,0.0,broken clouds
420,Baykit,RU,61.67,96.37,34.99,93,99,1.23,overcast clouds
421,Tarko-Sale,RU,64.9225,77.785,26.28,87,37,7.07,scattered clouds
422,San-Pedro,CI,4.7485,-6.6363,78.03,89,96,4.79,overcast clouds
423,Balsas,BR,-7.5325,-46.0356,93.4,31,49,6.96,scattered clouds
424,Castro Alves,BR,-12.7656,-39.4283,88.12,41,68,10.71,broken clouds
425,Pajapan,MX,18.25,-94.7,87.96,69,11,5.46,few clouds
426,Mahebourg,MU,-20.4081,57.7,72.25,88,75,13.8,light rain
427,Kousseri,CM,12.0769,15.0306,89.56,45,96,4.61,overcast clouds
428,Gladstone,AU,-23.85,151.25,71.78,88,90,3.44,overcast clouds
429,Durres,AL,41.3231,19.4414,60.98,68,83,1.72,broken clouds
430,Port Moresby,PG,-9.4431,147.1797,76.42,94,75,3.44,broken clouds
431,Labuhan,ID,-6.8844,112.2051,78.49,73,74,11.18,light rain
432,Tres Arroyos,AR,-38.3739,-60.2798,56.91,37,3,15.12,clear sky
433,Xining,CN,36.6167,101.7667,38.46,90,100,1.68,overcast clouds
434,Deloraine,AU,-41.5333,146.6667,51.24,99,66,1.23,broken clouds
435,Ler,SS,8.3018,30.1418,74.34,86,25,1.34,light rain
436,Luan,CH,46.3592,6.9759,55.85,83,95,1.28,light rain
437,Vypolzovo,RU,57.8767,33.6986,39.87,88,47,4.9,scattered clouds
438,Sayat,TM,38.7839,63.8803,57.07,24,0,10.11,clear sky
439,Dabakala,CI,8.3667,-4.4333,81.55,74,83,3.58,broken clouds
440,Suhbaatar,MN,50.2314,106.2078,34.25,95,84,4.05,broken clouds
441,Santa Ana,US,33.7456,-117.8678,96.71,28,40,4.0,scattered clouds
442,Igarka,RU,67.4667,86.5833,26.64,94,100,5.61,overcast clouds
443,Banjar,ID,-8.19,114.9675,76.91,90,31,6.69,scattered clouds
444,Andijon,UZ,40.7821,72.3442,58.35,75,100,5.79,overcast clouds
445,Beni,CD,0.5,29.4667,61.72,98,75,1.97,broken clouds
446,Salalah,OM,17.0151,54.0924,82.49,83,75,8.05,broken clouds
447,San Cristobal,VE,7.7669,-72.225,82.58,57,97,6.04,overcast clouds
448,Sovetskaya Gavan,RU,48.9723,140.2878,43.68,92,100,11.56,overcast clouds
449,Griffith,US,41.5284,-87.4237,78.06,74,90,1.01,overcast clouds
450,Zhoucheng,CN,35.9122,116.3117,69.85,98,100,6.55,overcast clouds
451,Kimbe,PG,-5.5502,150.1429,75.43,90,95,3.78,overcast clouds
452,Chazuta,PE,-6.5742,-76.1367,97.65,43,54,2.89,broken clouds
453,Mineros,BO,-17.1167,-63.2333,94.59,31,66,7.36,broken clouds
454,Talaya,RU,61.3833,152.75,23.74,95,100,7.23,overcast clouds
455,Borovoy,RU,55.4333,86.0833,31.28,100,40,4.47,scattered clouds
456,Sassandra,CI,4.95,-6.0833,77.77,88,99,5.46,overcast clouds
457,Hangu,CN,39.2489,117.7892,64.44,91,99,14.74,light rain
458,Walvis Bay,NA,-22.9575,14.5053,56.35,76,8,4.61,clear sky
459,Novi Sanzhary,UA,49.3439,34.3108,48.87,50,3,8.1,clear sky
460,Xuddur,SO,4.1213,43.8894,81.84,47,69,10.51,broken clouds
461,Mayumba,GA,-3.432,10.6554,76.3,83,71,6.8,broken clouds
462,Luganville,VU,-15.5333,167.1667,76.64,88,29,4.54,scattered clouds
463,Saravan,AM,39.7196,45.6483,50.65,68,76,6.85,broken clouds
464,Wanlaweyn,SO,2.6185,44.8938,78.85,73,38,16.51,scattered clouds
465,Yukon,US,35.5067,-97.7625,80.06,46,1,3.0,haze
466,Envira,BR,-7.3,-70.2167,93.6,40,27,2.62,scattered clouds
467,Dingle,PH,10.9995,122.6711,76.26,92,100,6.4,light rain
468,Taksimo,RU,56.3444,114.8794,29.93,84,57,2.93,broken clouds
469,Touros,BR,-5.1989,-35.4608,86.9,63,32,18.12,scattered clouds
470,Gongzhuling,CN,43.5008,124.8198,47.1,82,100,7.02,overcast clouds
471,Nautanwa,IN,27.4333,83.4167,74.66,95,40,6.64,scattered clouds
472,Richards Bay,ZA,-28.783,32.0377,60.42,84,100,4.94,light rain
473,Boa Vista,BR,2.8197,-60.6733,93.18,43,75,6.91,broken clouds
474,Wladyslawowo,PL,54.7909,18.4009,60.94,66,100,21.0,overcast clouds
475,Baghdad,IQ,33.3406,44.4009,89.51,23,0,12.66,clear sky
476,Broome,US,42.2506,-75.833,65.17,78,90,5.01,overcast clouds
477,Dulce Grande,MX,23.0,-102.1667,64.74,57,99,13.49,overcast clouds
478,Marsh Harbour,BS,26.5412,-77.0636,81.14,62,2,11.01,clear sky
479,Pangnirtung,CA,66.1451,-65.7125,32.0,100,75,5.75,mist
480,Kovdor,RU,67.5662,30.4758,43.66,85,47,8.93,scattered clouds
481,Mangai,CD,-4.05,19.5333,73.45,86,76,1.95,light rain
482,Ahmadpur,IN,18.7,76.9333,78.44,75,94,3.56,overcast clouds
483,Longjiang,CN,47.3303,123.1836,41.18,85,97,5.79,overcast clouds
484,Marawi,PH,7.9986,124.2928,66.65,98,100,2.01,overcast clouds
485,Sayyan,YE,15.1718,44.3244,62.47,51,68,2.68,broken clouds
486,Zunyi,CN,27.6867,106.9072,69.26,77,15,4.47,few clouds
487,Lufilufi,WS,-13.8745,-171.5986,78.58,76,18,19.95,few clouds
488,Bilibino,RU,68.0546,166.4372,17.53,96,97,3.04,overcast clouds
489,Teya,RU,60.3778,92.6267,33.22,98,100,3.02,light snow
490,Arlit,NE,18.7369,7.3853,93.49,11,0,4.85,clear sky
491,Honiara,SB,-9.4333,159.95,77.41,90,64,3.0,broken clouds
492,Dongzhen,CN,22.3797,110.9389,76.24,88,0,2.1,light rain
493,Souillac,MU,-20.5167,57.5167,72.36,88,75,13.8,broken clouds
494,Petropavlovsk-Kamchatskiy,RU,53.0452,158.6483,48.79,71,40,11.18,scattered clouds
495,Paamiut,GL,61.994,-49.6678,40.42,71,3,9.28,clear sky
496,Onega,RU,63.9061,38.1404,44.85,92,67,6.17,broken clouds
497,Sur,OM,22.5667,59.5289,83.28,77,100,17.56,overcast clouds
498,Sao Cristovao,BR,-11.0147,-37.2064,84.11,65,20,12.66,few clouds
499,Agaro,ET,7.85,36.65,61.02,97,94,1.77,light rain
500,Daru,PG,-9.0763,143.2092,76.44,89,78,3.51,broken clouds
501,Palauig,PH,15.435,119.9045,80.67,79,96,4.68,overcast clouds
502,Arawa,PG,-6.2132,155.5367,76.26,91,74,3.22,light rain
503,Santarem,BR,-2.4431,-54.7083,89.73,62,0,11.5,clear sky
504,Oussouye,SN,12.485,-16.5469,89.78,75,95,3.98,light rain
505,Benjamin Constant,BR,-4.3831,-70.0311,84.33,74,75,10.36,thunderstorm
506,Broken Hill,AU,-31.95,141.4333,53.31,58,0,11.5,clear sky
507,Tezu,IN,27.9167,96.1667,74.16,98,91,1.7,light rain
508,Adrar,MR,20.5022,-10.0711,99.46,10,26,3.49,scattered clouds
509,Mushie,CD,-3.0167,16.9,77.86,79,84,3.98,light rain
510,Kollam,IN,8.8833,76.6,80.47,85,100,4.0,overcast clouds
511,Huambo,AO,-12.7761,15.7392,75.85,24,27,6.17,scattered clouds
512,Batemans Bay,AU,-35.7167,150.1833,55.9,94,38,5.26,scattered clouds
513,Cockburn Town,TC,21.4612,-71.1419,84.16,70,75,6.91,broken clouds
514,Lorengau,PG,-2.0226,147.2712,79.0,82,43,3.27,scattered clouds
515,Whitehorse,CA,60.7161,-135.0538,37.09,83,90,0.0,light snow
516,Kloulklubed,PW,7.0419,134.2556,82.92,76,100,7.4,overcast clouds
517,Ancud,CL,-41.8697,-73.8203,51.33,64,50,12.06,scattered clouds
518,Inegol,TR,40.0781,29.5133,58.28,86,8,1.14,clear sky
519,San Jose,US,37.3394,-121.895,87.78,29,40,3.44,smoke
520,Conceicao Do Araguaia,BR,-8.2578,-49.2647,90.41,42,100,2.77,overcast clouds
521,Lavrentiya,RU,65.5833,-171.0,23.23,73,84,3.98,broken clouds
522,Nassau,US,40.7507,-73.5829,80.98,59,1,1.99,clear sky
523,Marzuq,YE,14.4,46.4667,74.82,65,74,10.18,broken clouds
524,Iskateley,RU,67.6803,53.1512,37.04,94,74,10.29,broken clouds
525,Carballo,ES,43.213,-8.691,60.87,81,8,3.91,clear sky
526,Ubata,BR,-14.2139,-39.5228,88.95,40,79,8.99,broken clouds
527,Krasnoselkup,RU,65.7,82.4667,22.75,89,92,9.37,overcast clouds
528,Rio Tinto,PT,41.1826,-8.5581,63.05,69,20,3.0,few clouds
529,Natal,BR,-5.795,-35.2094,86.65,51,0,18.41,clear sky
530,Naze,JP,28.3667,129.4833,77.41,63,0,19.51,clear sky
531,Belousovka,KZ,50.1339,82.5239,38.25,93,90,11.18,overcast clouds
532,San Patricio,US,28.017,-97.5169,90.01,58,57,7.87,broken clouds
533,Barra Patuca,HN,15.8,-84.2833,84.29,70,42,6.31,scattered clouds
534,Ulagan,RU,50.6321,87.9563,24.04,66,80,3.18,broken clouds
535,Imeni Poliny Osipenko,RU,52.4201,136.4853,32.63,74,12,5.03,few clouds
536,Goundam,ML,16.4145,-3.6708,100.47,14,95,7.72,overcast clouds
537,Pevek,RU,69.7008,170.3133,22.68,91,99,9.46,overcast clouds
538,Young,UY,-32.6833,-57.6333,63.23,46,86,11.63,overcast clouds
539,Kavaratti,IN,10.5669,72.642,81.59,79,100,10.38,overcast clouds
540,Chervone,UA,49.9564,28.8645,49.03,54,49,8.41,scattered clouds
541,Kamphaeng Phet,TH,16.25,99.5,74.73,90,81,3.18,light rain
542,Shawnee,US,39.05,-95.7669,79.79,59,75,1.99,broken clouds
543,Vila Velha,BR,-20.3297,-40.2925,85.95,54,0,14.97,clear sky
544,Betare Oya,CM,5.6,14.0833,68.95,93,58,3.53,light rain
545,Maralal,KE,1.0968,36.698,68.88,51,100,8.84,overcast clouds
546,Beniganj,IN,27.2833,80.45,84.83,65,76,2.84,moderate rain
547,Port Hardy,CA,50.6996,-127.4199,51.98,71,40,6.91,light rain
548,Fort-De-France,MQ,14.6089,-61.0733,89.55,45,40,18.41,scattered clouds
549,Sioux Lookout,CA,50.1001,-91.917,59.38,72,75,3.44,broken clouds
550,Polyarnyy,RU,69.1989,33.4478,43.27,81,37,18.97,scattered clouds
551,Luau,AO,-10.7073,22.2247,72.81,67,75,2.21,light rain
552,Bumba,CD,2.1833,22.4667,77.97,66,93,2.21,overcast clouds
553,San Jeronimo,PE,-11.9472,-75.2829,63.21,45,66,4.76,broken clouds
554,Ullapool,GB,57.8987,-5.1604,51.76,93,100,17.05,overcast clouds
555,San Borja,BO,-14.8167,-66.85,99.97,29,55,8.63,broken clouds
556,Sovetskiy,RU,61.3614,63.5842,28.67,81,48,4.88,scattered clouds
557,Ahuimanu,US,21.4447,-157.8378,80.46,76,90,10.36,light rain
558,Tokur,RU,53.1333,132.9,23.81,88,11,1.92,few clouds
559,Maridi,SS,4.9158,29.4742,69.01,95,87,4.45,light rain
560,Berlevag,NO,70.8578,29.0864,51.8,77,93,30.76,overcast clouds
561,Malartic,CA,48.1335,-78.1328,62.42,52,15,6.15,few clouds
562,Kiama,AU,-34.6833,150.8667,62.38,79,90,4.76,overcast clouds
563,Vieux-Habitants,GP,16.0589,-61.7659,87.37,68,31,15.03,scattered clouds
564,Ilheus,BR,-14.7889,-39.0494,84.02,74,40,9.22,scattered clouds
565,Bonthe,SL,7.5264,-12.505,78.91,84,70,5.7,moderate rain
566,Shumikha,RU,55.2261,63.2961,26.94,87,60,7.52,broken clouds
567,Itaituba,BR,-4.2761,-55.9836,91.56,62,40,3.18,scattered clouds
568,Semirara,PH,12.0697,121.3986,82.45,77,100,17.11,moderate rain
569,Dakoro,NE,14.5106,6.765,95.18,13,0,4.27,clear sky
570,Panaba,MX,21.2833,-88.2667,93.29,42,61,9.28,broken clouds
571,Moussoro,TD,13.6408,16.4901,96.03,17,53,6.67,broken clouds
572,Gashua,NG,12.871,11.0482,93.27,17,1,7.96,clear sky
573,Praia Da Vitoria,PT,38.7333,-27.0667,75.76,88,20,8.28,few clouds
574,Goryachegorsk,RU,55.4053,88.9154,29.21,85,100,3.38,overcast clouds
575,Lishui,CN,28.4604,119.9103,67.41,98,3,3.67,clear sky
576,Amapa,BR,1.0,-52.0,88.86,44,100,3.11,overcast clouds
577,Hudson Bay,CA,52.85,-102.3842,68.0,27,71,8.32,broken clouds
578,Bubaque,GW,11.2833,-15.8333,82.15,75,100,8.79,overcast clouds
579,Beyneu,KZ,45.3167,55.2,54.23,30,66,7.05,broken clouds
580,Mgandu,TZ,-5.95,34.1333,75.51,25,51,5.41,broken clouds
581,Mancora,PE,-4.1078,-81.0475,73.98,60,52,12.68,broken clouds
582,Hohhot,CN,40.8106,111.6522,50.29,40,0,8.95,clear sky
583,Kinwat,IN,19.6333,78.2,77.68,82,43,1.72,scattered clouds
584,Lukulu,ZM,-14.3707,23.242,74.55,50,93,4.76,overcast clouds
585,Baryshivka,UA,50.361,31.3217,52.95,56,16,6.69,few clouds
586,Kangaatsiaq,GL,68.3065,-53.4641,30.76,61,70,9.08,broken clouds
587,Saint Anthony,US,45.0205,-93.218,70.9,72,40,5.01,scattered clouds
588,Fort Morgan,US,40.2503,-103.8,78.8,18,1,5.75,clear sky
589,Zhuhai,CN,22.2769,113.5678,85.05,84,20,13.8,light rain
590,Sumbe,AO,-11.2061,13.8437,73.08,81,56,6.02,broken clouds
591,Reporoa,NZ,-38.4333,176.35,57.34,100,100,3.74,light rain
592,Yeppoon,AU,-23.1333,150.7333,71.38,94,3,4.03,clear sky
593,Ucluelet,CA,48.9329,-125.5528,60.1,92,36,1.01,scattered clouds
594,Yantal,RU,56.8471,105.2542,34.29,85,100,1.66,overcast clouds
595,Maniitsoq,GL,65.4167,-52.9,40.21,71,25,3.78,scattered clouds
596,Sorkjosen,NO,69.8,20.9333,53.6,58,20,36.82,few clouds
597,Lastoursville,GA,-0.8143,12.7287,73.6,96,50,1.9,scattered clouds
598,Bud,US,39.447,-86.1758,73.96,87,100,10.25,overcast clouds
599,Grindavik,IS,63.8424,-22.4338,48.15,81,0,24.16,clear sky
600,San Carlos De Bariloche,AR,-41.1456,-71.3082,51.55,37,20,24.16,few clouds
601,Santa Maria,BR,-29.6842,-53.8069,72.7,68,75,5.75,broken clouds
602,Omsukchan,RU,62.5333,155.8,25.92,92,100,11.72,overcast clouds
603,Feltre,IT,46.0235,11.907,67.62,89,95,1.99,overcast clouds
604,Sholapur,IN,17.6833,75.9167,83.12,68,97,3.69,overcast clouds
605,Ukiah,US,39.1502,-123.2078,90.66,28,1,3.44,clear sky
606,Acandi,CO,8.5063,-77.2778,84.22,80,86,4.65,overcast clouds
607,Sao Miguel Do Araguaia,BR,-13.275,-50.1628,93.4,34,51,8.19,broken clouds
608,Verkh-Usugli,RU,52.7,115.1667,29.66,73,12,2.15,few clouds
609,Bowen,AU,-20.0167,148.2333,71.82,94,9,5.82,clear sky
610,Velizh,RU,55.6056,31.1967,45.63,88,96,5.64,moderate rain
611,Saint-Junien,FR,45.8833,0.9,58.14,86,100,3.24,overcast clouds
612,Collie,AU,-33.3667,116.15,39.97,87,55,2.3,broken clouds
613,Juneau,US,58.3019,-134.4197,41.22,93,90,5.75,moderate rain
614,Limpapa,PH,7.1197,121.9106,74.53,85,100,9.51,overcast clouds
615,Polunochnoye,RU,60.8697,60.4153,29.52,81,99,3.22,overcast clouds
616,Peruibe,BR,-24.32,-46.9983,72.0,95,97,7.72,overcast clouds
617,Karatau,KZ,43.1667,70.4667,45.52,39,53,6.08,broken clouds
618,Baiyin,CN,36.5583,104.2081,41.88,81,100,6.62,overcast clouds
619,Utete,TZ,-7.986,38.758,72.86,75,74,7.23,broken clouds
620,Aksu,CN,41.1231,80.2644,53.06,54,88,9.78,light rain
621,Eureka,US,40.8021,-124.1637,61.99,66,54,5.48,broken clouds
622,Zheleznodorozhnyy,RU,55.7503,38.0042,43.36,70,100,4.36,overcast clouds
623,Katherine,AU,-14.4667,132.2667,82.72,69,97,6.91,overcast clouds
624,Arinos,BR,-15.9169,-46.1056,103.15,15,31,3.36,scattered clouds
625,Umba,RU,66.6871,34.3429,44.78,89,10,8.66,clear sky
626,Hedaru,TZ,-4.5,37.9,73.89,65,72,4.41,broken clouds
627,Kayes,ML,14.0,-11.0,89.26,50,13,5.86,few clouds
628,Loukhi,RU,66.0764,33.0381,45.19,85,12,8.25,few clouds
629,Neiafu,TO,-18.65,-173.9833,75.88,94,40,11.5,scattered clouds
630,Kassala,SD,15.451,36.4,93.42,34,42,3.94,scattered clouds
631,Toguchin,RU,55.2353,84.3858,33.8,96,100,7.67,light rain
632,Jinchang,CN,38.4953,102.1739,48.38,52,95,8.37,overcast clouds
633,Kendari,ID,-3.945,122.4989,73.85,95,51,3.89,broken clouds
634,Dilla,ET,6.41,38.31,62.08,93,86,3.67,light rain
635,Teocaltiche,MX,21.4333,-102.5833,69.31,67,99,3.74,overcast clouds
636,Palaikastron,GR,35.2,26.25,68.76,70,1,23.64,clear sky
637,Uige,AO,-7.6087,15.0613,77.18,53,69,3.06,broken clouds
638,Coxim,BR,-18.5067,-54.76,98.31,27,70,14.14,broken clouds
639,Lexington,US,37.9887,-84.4777,71.94,87,90,3.44,mist
640,Indianola,US,41.3581,-93.5574,75.56,54,97,12.82,overcast clouds
641,Caravelas,BR,-17.7125,-39.2481,81.77,67,3,14.52,clear sky
642,Pachino,IT,36.7186,15.0907,69.84,66,4,6.04,clear sky
643,Cururupu,BR,-1.8283,-44.8683,87.15,55,87,8.55,overcast clouds
644,Yaan,NG,7.3833,8.5667,78.85,78,77,3.24,broken clouds
645,Zinder,NE,13.8072,8.9881,91.36,40,0,4.61,clear sky
646,Tigzirt,DZ,36.8886,4.1198,74.26,73,1,4.05,clear sky
647,Seymchan,RU,62.8833,152.4333,28.04,76,100,12.55,overcast clouds
648,Lodwar,KE,3.1191,35.5973,91.26,31,5,4.85,clear sky
649,Benguela,AO,-12.5763,13.4055,72.21,79,19,5.77,few clouds
650,Rawson,AR,-43.3002,-65.1023,59.83,32,3,12.68,clear sky
651,Goderich,CA,43.7501,-81.7165,70.21,88,100,3.44,overcast clouds
652,Coihueco,CL,-36.6167,-71.8333,59.74,48,0,17.27,clear sky
653,Mangan,IN,27.5167,88.5333,71.24,91,95,3.2,overcast clouds
654,San Quintin,MX,30.4833,-115.95,81.3,37,98,5.75,overcast clouds
655,Marathon,US,44.9,-89.7668,71.17,82,90,8.05,overcast clouds
656,Celestun,MX,20.8667,-90.4,88.34,57,60,7.49,broken clouds
657,Hofn,IS,64.2539,-15.2082,47.23,84,100,14.65,overcast clouds
658,Najran,SA,17.4924,44.1277,84.85,30,93,3.09,overcast clouds
659,Show Low,US,34.2542,-110.0298,70.3,33,1,10.36,clear sky
660,Teahupoo,PF,-17.8333,-149.2667,75.16,78,22,7.92,light rain
661,Babstovo,RU,48.1167,132.4833,40.48,89,100,2.62,overcast clouds
662,Vallenar,CL,-28.5708,-70.7581,78.55,18,0,13.04,clear sky
663,Nikel,RU,69.4128,30.222,48.38,78,86,15.95,overcast clouds
664,Kahului,US,20.8947,-156.47,81.84,71,20,4.61,few clouds
665,Dakar,SN,14.6937,-17.4441,86.88,71,17,7.4,few clouds
666,Muros,ES,42.7762,-9.0603,63.84,79,3,8.43,clear sky
667,Pathein,MM,16.7833,94.7333,77.81,92,100,2.42,overcast clouds
668,Samarai,PG,-10.6167,150.6667,79.61,83,93,3.83,overcast clouds
669,Yugorsk,RU,61.3133,63.3319,28.76,81,46,4.85,scattered clouds
670,Tinos,GR,37.5375,25.1634,68.34,63,20,21.85,few clouds
671,Songea,TZ,-10.6833,35.65,70.92,43,41,5.88,scattered clouds
672,Jinzhou,CN,41.1078,121.1417,58.03,70,100,14.38,light rain
673,La Rioja,ES,42.25,-2.5,49.48,85,100,4.61,overcast clouds
674,Aleksandrov Gay,RU,50.147,48.5704,53.64,58,100,7.7,overcast clouds
675,Seydi,TM,39.4816,62.9137,53.35,24,0,10.76,clear sky
676,Tianpeng,CN,30.9866,103.9393,77.47,91,42,8.95,scattered clouds
677,Sarlat-La-Caneda,FR,44.889,1.2166,56.53,93,100,3.09,overcast clouds
678,Anchorage,US,61.2181,-149.9003,34.75,88,1,0.0,clear sky
679,Port Keats,AU,-14.25,129.55,79.83,84,94,8.34,overcast clouds
680,Chudovo,RU,59.1167,31.6833,44.78,87,1,7.07,clear sky
681,Birnin Kebbi,NG,12.4539,4.1975,89.11,42,15,6.82,few clouds
682,Wajir,KE,1.7471,40.0573,88.16,37,54,13.94,broken clouds
683,Mananjary,MG,-21.2167,48.3333,72.43,84,3,10.94,clear sky
684,Severodvinsk,RU,64.5635,39.8302,46.51,89,67,7.14,broken clouds
685,Bartica,GY,6.4,-58.6167,77.32,83,86,3.29,moderate rain
686,Stawell,AU,-37.05,142.7667,46.04,92,79,9.01,broken clouds
687,Teguise,ES,29.0605,-13.564,71.82,64,20,18.41,few clouds
688,Namatanai,PG,-3.6667,152.4333,79.36,79,70,3.98,broken clouds
689,Bagdarin,RU,54.4333,113.6,29.03,79,25,3.4,scattered clouds
690,Argentan,FR,48.75,-0.0167,54.32,75,54,8.86,broken clouds
691,Trelew,AR,-43.249,-65.3051,62.64,23,4,18.25,clear sky
692,Lubango,AO,-14.9172,13.4925,62.87,40,4,5.84,clear sky
693,Mount Isa,AU,-20.7333,139.5,76.77,23,75,8.05,light rain
694,Qobustan,AZ,40.0824,49.412,64.51,60,99,5.32,overcast clouds
